"Number of students entered for applied A level double awards by institution, subject and grade achieved",,,,,,,,,,,,,,,,,,
,,,,,,,Grade achieved,,,,,,,,,,,
Local Authority,URN,School or college name,Institution type,Qualification,Subject,Number entered,Grade A*A*,Grade A*A,Grade AA,Grade AB,Grade BB,Grade BC,Grade CC,Grade CD,Grade DD,Grade DE,Grade EE,No results
Camden,100050,Parliament Hill School,Community School,Applied GCE Double Award,Applied Business,3,Supp,Supp,Supp,Supp,Supp,Supp,Supp,Supp,Supp,Supp,Supp,Supp
Camden,100053,Acland Burghley School,Community School,Applied GCE Double Award,Applied Art & Design,10,0,0,1,2,0,2,2,0,1,1,1,0
Camden,100053,Acland Burghley School,Community School,Applied GCE Double Award,Applied Business,8,0,1,0,3,0,0,4,0,0,0,0,0
Camden,100053,Acland Burghley School,Community School,Applied GCE Double Award,Applied ICT,5,Supp,Supp,Supp,Supp,Supp,Supp,Supp,Supp,Supp,Supp,Supp,Supp
Camden,100055,Maria Fidelis Roman Catholic Convent School FCJ,Voluntary Aided School,Applied GCE Double Award,Health & Social Care,14,0,0,0,1,1,2,4,5,0,0,0,1
Camden,100056,William Ellis School,Voluntary Aided School,Applied GCE Double Award,Applied Business,3,Supp,Supp,Supp,Supp,Supp,Supp,Supp,Supp,Supp,Supp,Supp,Supp
Camden,100059,La Sainte Union Catholic Secondary School,Voluntary Aided School,Applied GCE Double Award,Health & Social Care,17,0,0,0,0,0,4,1,3,5,3,1,0
Greenwich,100183,Plumstead Manor School,Community School,Applied GCE Double Award,Applied Business,3,Supp,Supp,Supp,Supp,Supp,Supp,Supp,Supp,Supp,Supp,Supp,Supp
Islington,100452,Highbury Grove School,Community School,Applied GCE Double Award,Applied Art & Design,2,Supp,Supp,Supp,Supp,Supp,Supp,Supp,Supp,Supp,Supp,Supp,Supp
Islington,100455,Highbury Fields School,Community School,Applied GCE Double Award,Applied Art & Design,1,Supp,Supp,Supp,Supp,Supp,Supp,Supp,Supp,Supp,Supp,Supp,Supp
Islington,100458,Central Foundation Boys' School,Voluntary Aided School,Applied GCE Double Award,Applied Science,1,Supp,Supp,Supp,Supp,Supp,Supp,Supp,Supp,Supp,Supp,Supp,Supp
Kensington and Chelsea,100506,The Cardinal Vaughan Memorial RC School,Voluntary Aided School,Applied GCE Double Award,Applied Business,23,1,5,0,5,9,2,0,1,0,0,0,0
Lewisham,100750,Prendergast-Hilly Fields College,Voluntary Aided School,Applied GCE Double Award,Health & Social Care,4,Supp,Supp,Supp,Supp,Supp,Supp,Supp,Supp,Supp,Supp,Supp,Supp
Tower Hamlets,100974,George Green's School,Voluntary Controlled School,Applied GCE Double Award,Applied Business,25,0,0,0,0,0,2,6,2,9,2,3,1
Croydon,101821,Thomas More Catholic School,Voluntary Aided School,Applied GCE Double Award,Health & Social Care,6,0,0,1,1,0,0,2,1,0,1,0,0
Ealing,101939,Brentside High School,Foundation School,Applied GCE Double Award,Applied Business,4,Supp,Supp,Supp,Supp,Supp,Supp,Supp,Supp,Supp,Supp,Supp,Supp
Ealing,101939,Brentside High School,Foundation School,Applied GCE Double Award,Applied Science,5,Supp,Supp,Supp,Supp,Supp,Supp,Supp,Supp,Supp,Supp,Supp,Supp
Ealing,101939,Brentside High School,Foundation School,Applied GCE Double Award,Health & Social Care,6,0,0,0,0,1,1,0,4,0,0,0,0
Ealing,101940,Greenford High School,Foundation School,Applied GCE Double Award,Applied Business,33,0,4,1,11,4,5,4,3,1,0,0,0
Ealing,101940,Greenford High School,Foundation School,Applied GCE Double Award,Applied Science,16,0,0,0,0,0,3,3,3,7,0,0,0
Ealing,101943,Northolt High School,Foundation School,Applied GCE Double Award,Applied Science,3,Supp,Supp,Supp,Supp,Supp,Supp,Supp,Supp,Supp,Supp,Supp,Supp
Enfield,102047,Southgate School,Community School,Applied GCE Double Award,Applied Art & Design,8,0,1,1,0,3,1,2,0,0,0,0,0
Enfield,102047,Southgate School,Community School,Applied GCE Double Award,Applied Business,12,0,0,0,0,1,4,3,2,1,1,0,0
Enfield,102056,Broomfield School,Foundation School,Applied GCE Double Award,Applied ICT,3,Supp,Supp,Supp,Supp,Supp,Supp,Supp,Supp,Supp,Supp,Supp,Supp
Haringey,102156,Fortismere School,Foundation School,Applied GCE Double Award,Applied ICT,11,0,0,0,0,2,2,4,1,0,2,0,0
Hounslow,102539,The Heathland School,Community School,Applied GCE Double Award,Applied Business,32,0,0,3,2,3,9,4,6,2,2,1,0
Merton,102683,Ursuline High School Wimbledon,Voluntary Aided School,Applied GCE Double Award,Health & Social Care,6,0,0,0,0,0,0,1,0,4,1,0,0
Newham,102786,St Angela's Ursuline School,Voluntary Aided School,Applied GCE Double Award,Health & Social Care,33,0,1,1,3,9,4,9,4,2,0,0,0
Newham,102787,St Bonaventure's RC School,Voluntary Aided School,Applied GCE Double Award,Health & Social Care,2,Supp,Supp,Supp,Supp,Supp,Supp,Supp,Supp,Supp,Supp,Supp,Supp
Redbridge,102849,Caterham High School,Community School,Applied GCE Double Award,Applied Business,2,Supp,Supp,Supp,Supp,Supp,Supp,Supp,Supp,Supp,Supp,Supp,Supp
Redbridge,102851,Wanstead High School,Community School,Applied GCE Double Award,Applied Science,2,Supp,Supp,Supp,Supp,Supp,Supp,Supp,Supp,Supp,Supp,Supp,Supp
Redbridge,102851,Wanstead High School,Community School,Applied GCE Double Award,Health & Social Care,11,0,1,0,3,2,4,0,1,0,0,0,0
Birmingham,103519,Moseley School,Foundation School,Applied GCE Double Award,Health & Social Care,5,Supp,Supp,Supp,Supp,Supp,Supp,Supp,Supp,Supp,Supp,Supp,Supp
Birmingham,103522,John Willmott School,Community School,Applied GCE Double Award,Applied Art & Design,5,Supp,Supp,Supp,Supp,Supp,Supp,Supp,Supp,Supp,Supp,Supp,Supp
Birmingham,103522,John Willmott School,Community School,Applied GCE Double Award,Applied Business,5,Supp,Supp,Supp,Supp,Supp,Supp,Supp,Supp,Supp,Supp,Supp,Supp
Birmingham,103560,Bishop Challoner Catholic College,Voluntary Aided School,Applied GCE Double Award,Health & Social Care,3,Supp,Supp,Supp,Supp,Supp,Supp,Supp,Supp,Supp,Supp,Supp,Supp
Coventry,103728,Stoke Park School and Community Technology College,Foundation School,Applied GCE Double Award,Health & Social Care,3,Supp,Supp,Supp,Supp,Supp,Supp,Supp,Supp,Supp,Supp,Supp,Supp
Solihull,104119,St Peter's Catholic School and Specialist Science College,Voluntary Aided School,Applied GCE Double Award,Applied Science,1,Supp,Supp,Supp,Supp,Supp,Supp,Supp,Supp,Supp,Supp,Supp,Supp
Solihull,104119,St Peter's Catholic School and Specialist Science College,Voluntary Aided School,Applied GCE Double Award,Health & Social Care,6,0,0,0,0,1,1,2,2,0,0,0,0
Walsall,104259,"St Thomas More Catholic School, Willenhall",Voluntary Aided School,Applied GCE Double Award,Health & Social Care,11,0,0,0,1,1,1,2,2,2,1,1,0
Liverpool,104703,King David High School,Voluntary Aided School,Applied GCE Double Award,Applied Business,8,0,0,0,0,2,0,2,2,2,0,0,0
Liverpool,104705,"Archbishop Blanch CofE VA High School, A Technology College and Training School",Voluntary Aided School,Applied GCE Double Award,Health & Social Care,6,0,0,0,1,1,0,0,3,0,0,0,1
Liverpool,104713,"Broughton Hall High School, A Technology College",Voluntary Aided School,Applied GCE Double Award,Applied Business,9,0,0,0,1,2,4,1,1,0,0,0,0
Sefton,104961,Sacred Heart Catholic College,Voluntary Aided School,Applied GCE Double Award,Applied Business,14,0,0,0,0,2,3,2,2,5,0,0,0
Sefton,104961,Sacred Heart Catholic College,Voluntary Aided School,Applied GCE Double Award,Health & Social Care,10,0,0,0,0,0,1,2,2,2,2,0,1
Sefton,104964,Christ The King Catholic High School and Sixth Form Centre,Voluntary Aided School,Applied GCE Double Award,Health & Social Care,3,Supp,Supp,Supp,Supp,Supp,Supp,Supp,Supp,Supp,Supp,Supp,Supp
Manchester,105556,Parrs Wood High School,Community School,Applied GCE Double Award,Health & Social Care,4,Supp,Supp,Supp,Supp,Supp,Supp,Supp,Supp,Supp,Supp,Supp,Supp
Oldham,105737,North Chadderton School,Foundation School,Applied GCE Double Award,Applied Business,10,0,1,0,1,2,4,2,0,0,0,0,0
Rotherham,106955,Wickersley School and Sports College,Community School,Applied GCE Double Award,Health & Social Care,7,0,0,0,0,3,1,2,1,0,0,0,0
Sheffield,107139,High Storrs School,Community School,Applied GCE Double Award,Health & Social Care,12,0,0,0,1,2,1,4,3,0,1,0,0
Sheffield,107140,King Edward VII School,Community School,Applied GCE Double Award,Health & Social Care,13,1,0,1,1,4,2,1,1,2,0,0,0
Bradford,107366,Tong High School,Foundation School,Applied GCE Double Award,Applied ICT,4,Supp,Supp,Supp,Supp,Supp,Supp,Supp,Supp,Supp,Supp,Supp,Supp
Bradford,107441,Oakbank School,Foundation School,Applied GCE Double Award,Health & Social Care,7,0,0,0,0,0,0,1,2,2,1,1,0
Kirklees,107783,St John Fisher Catholic High School,Voluntary Aided School,Applied GCE Double Award,Health & Social Care,6,0,0,0,1,1,1,1,0,1,1,0,0
Leeds,108076,Roundhay School,Community School,Applied GCE Double Award,Applied ICT,5,Supp,Supp,Supp,Supp,Supp,Supp,Supp,Supp,Supp,Supp,Supp,Supp
Leeds,108076,Roundhay School,Community School,Applied GCE Double Award,Applied Science,2,Supp,Supp,Supp,Supp,Supp,Supp,Supp,Supp,Supp,Supp,Supp,Supp
Leeds,108076,Roundhay School,Community School,Applied GCE Double Award,Health & Social Care,6,0,0,0,1,0,2,2,1,0,0,0,0
Leeds,108079,Pudsey Grangefield School,Foundation School,Applied GCE Double Award,Applied Art & Design,5,Supp,Supp,Supp,Supp,Supp,Supp,Supp,Supp,Supp,Supp,Supp,Supp
Leeds,108079,Pudsey Grangefield School,Foundation School,Applied GCE Double Award,Health & Social Care,6,0,1,1,0,0,0,0,0,4,0,0,0
Leeds,108083,Benton Park School,Community School,Applied GCE Double Award,Health & Social Care,9,0,0,0,0,0,3,3,0,1,1,1,0
Leeds,108086,Bruntcliffe School,Foundation School,Applied GCE Double Award,Applied Art & Design,1,Supp,Supp,Supp,Supp,Supp,Supp,Supp,Supp,Supp,Supp,Supp,Supp
Leeds,108087,Priesthorpe School,Foundation School,Applied GCE Double Award,Health & Social Care,8,0,0,0,0,0,0,2,2,2,1,1,0
Newcastle upon Tyne,108531,Heaton Manor School,Foundation School,Applied GCE Double Award,Applied ICT,1,Supp,Supp,Supp,Supp,Supp,Supp,Supp,Supp,Supp,Supp,Supp,Supp
Newcastle upon Tyne,108531,Heaton Manor School,Foundation School,Applied GCE Double Award,Health & Social Care,4,Supp,Supp,Supp,Supp,Supp,Supp,Supp,Supp,Supp,Supp,Supp,Supp
North Tyneside,108639,George Stephenson High School,Foundation School,Applied GCE Double Award,Health & Social Care,6,0,0,0,0,0,1,0,3,1,1,0,0
North Tyneside,108647,"Seaton Burn College, A Specialist Business and Enterprise School",Foundation School,Applied GCE Double Award,Health & Social Care,4,Supp,Supp,Supp,Supp,Supp,Supp,Supp,Supp,Supp,Supp,Supp,Supp
Sunderland,108870,St Robert of Newminster Roman Catholic School,Voluntary Aided School,Applied GCE Double Award,Health & Social Care,9,0,0,2,1,1,3,1,1,0,0,0,0
South Gloucestershire,109319,Brimsham Green School,Community School,Applied GCE Double Award,Health & Social Care,2,Supp,Supp,Supp,Supp,Supp,Supp,Supp,Supp,Supp,Supp,Supp,Supp
South Gloucestershire,109324,Chipping Sodbury School,Foundation School,Applied GCE Double Award,Health & Social Care,1,Supp,Supp,Supp,Supp,Supp,Supp,Supp,Supp,Supp,Supp,Supp,Supp
South Gloucestershire,109325,Marlwood School,Voluntary Controlled School,Applied GCE Double Award,Health & Social Care,7,0,0,0,0,0,0,1,2,1,1,1,1
Luton,109699,Cardinal Newman Catholic School A Specialist Science College,Voluntary Aided School,Applied GCE Double Award,Applied Business,8,0,0,0,0,0,2,1,3,2,0,0,0
Luton,109699,Cardinal Newman Catholic School A Specialist Science College,Voluntary Aided School,Applied GCE Double Award,Health & Social Care,3,Supp,Supp,Supp,Supp,Supp,Supp,Supp,Supp,Supp,Supp,Supp,Supp
Central Bedfordshire,109705,Manshead School,Voluntary Aided School,Applied GCE Double Award,Applied Art & Design,11,1,1,0,1,5,0,0,1,1,1,0,0
West Berkshire,110063,Little Heath School,Voluntary Aided School,Applied GCE Double Award,Applied Business,5,Supp,Supp,Supp,Supp,Supp,Supp,Supp,Supp,Supp,Supp,Supp,Supp
West Berkshire,110063,Little Heath School,Voluntary Aided School,Applied GCE Double Award,Health & Social Care,15,0,0,0,0,6,3,2,2,1,1,0,0
Buckinghamshire,110488,The Grange School,Foundation School,Applied GCE Double Award,Applied Business,5,Supp,Supp,Supp,Supp,Supp,Supp,Supp,Supp,Supp,Supp,Supp,Supp
Buckinghamshire,110488,The Grange School,Foundation School,Applied GCE Double Award,Health & Social Care,6,0,0,0,1,2,0,1,0,1,1,0,0
Milton Keynes,110517,St Paul's Catholic School,Voluntary Aided School,Applied GCE Double Award,Health & Social Care,5,Supp,Supp,Supp,Supp,Supp,Supp,Supp,Supp,Supp,Supp,Supp,Supp
Milton Keynes,110526,Stantonbury Campus,Foundation School,Applied GCE Double Award,Applied Business,7,0,1,0,0,1,1,0,2,1,1,0,0
Milton Keynes,110526,Stantonbury Campus,Foundation School,Applied GCE Double Award,Health & Social Care,6,0,0,0,0,1,0,1,0,3,0,1,0
Peterborough,110899,Jack Hunt School,Foundation School,Applied GCE Double Award,Applied Business,12,0,0,0,0,2,0,1,0,2,3,3,1
Cheshire East,111402,Tytherington High School,Foundation School,Applied GCE Double Award,Applied Business,3,Supp,Supp,Supp,Supp,Supp,Supp,Supp,Supp,Supp,Supp,Supp,Supp
Cheshire East,111402,Tytherington High School,Foundation School,Applied GCE Double Award,Health & Social Care,4,Supp,Supp,Supp,Supp,Supp,Supp,Supp,Supp,Supp,Supp,Supp,Supp
Cheshire West and Chester,111424,Bishop Heber High School,Foundation School,Applied GCE Double Award,Applied Business,8,0,1,0,1,2,1,1,1,1,0,0,0
Cheshire West and Chester,111440,Helsby High School,Community School,Applied GCE Double Award,Health & Social Care,2,Supp,Supp,Supp,Supp,Supp,Supp,Supp,Supp,Supp,Supp,Supp,Supp
Hartlepool,111756,The English Martyrs School and Sixth Form College,Voluntary Aided School,Applied GCE Double Award,Health & Social Care,14,0,0,0,0,3,2,5,2,1,1,0,0
Cumbria,112394,Southfield Technology College,Community School,Applied GCE Double Award,Health & Social Care,4,Supp,Supp,Supp,Supp,Supp,Supp,Supp,Supp,Supp,Supp,Supp,Supp
Cumbria,112395,Stainburn School and Science College,Community School,Applied GCE Double Award,Health & Social Care,3,Supp,Supp,Supp,Supp,Supp,Supp,Supp,Supp,Supp,Supp,Supp,Supp
Cumbria,112396,Whitehaven School,Community School,Applied GCE Double Award,Applied Science,8,0,0,0,0,0,2,0,1,0,1,1,3
Cumbria,112396,Whitehaven School,Community School,Applied GCE Double Award,Health & Social Care,3,Supp,Supp,Supp,Supp,Supp,Supp,Supp,Supp,Supp,Supp,Supp,Supp
Cumbria,112398,St Benedict's Catholic High School,Voluntary Aided School,Applied GCE Double Award,Health & Social Care,4,Supp,Supp,Supp,Supp,Supp,Supp,Supp,Supp,Supp,Supp,Supp,Supp
Derbyshire,112968,Anthony Gell School,Voluntary Controlled School,Applied GCE Double Award,Health & Social Care,5,Supp,Supp,Supp,Supp,Supp,Supp,Supp,Supp,Supp,Supp,Supp,Supp
Derbyshire,112989,Belper School and Sixth Form Centre,Foundation School,Applied GCE Double Award,Applied Business,6,0,0,0,0,0,2,3,0,0,0,0,1
Derbyshire,112989,Belper School and Sixth Form Centre,Foundation School,Applied GCE Double Award,Health & Social Care,5,Supp,Supp,Supp,Supp,Supp,Supp,Supp,Supp,Supp,Supp,Supp,Supp
Devon,113516,Bideford College,Foundation School,Applied GCE Double Award,Health & Social Care,2,Supp,Supp,Supp,Supp,Supp,Supp,Supp,Supp,Supp,Supp,Supp,Supp
Dorset,113888,The Blandford School,Voluntary Controlled School,Applied GCE Double Award,Health & Social Care,7,0,2,0,0,0,2,0,0,2,0,1,0
Dorset,113902,Budmouth College,Foundation School,Applied GCE Double Award,Health & Social Care,8,0,0,0,1,0,1,2,1,0,3,0,0
Poole,113907,Poole High School,Foundation School,Applied GCE Double Award,Applied Business,2,Supp,Supp,Supp,Supp,Supp,Supp,Supp,Supp,Supp,Supp,Supp,Supp
Poole,113907,Poole High School,Foundation School,Applied GCE Double Award,Health & Social Care,7,0,0,0,0,3,1,1,2,0,0,0,0
County Durham,114310,Durham Sixth Form Centre,Community School,Applied GCE Double Award,Health & Social Care,19,0,0,2,3,4,4,1,1,3,1,0,0
County Durham,114327,St Bede's Catholic Comprehensive School and Byron College,Voluntary Aided School,Applied GCE Double Award,Health & Social Care,8,0,0,0,2,3,3,0,0,0,0,0,0
Brighton and Hove,114607,Hove Park School and Sixth Form Centre,Community School,Applied GCE Double Award,Health & Social Care,7,0,0,0,1,0,0,0,0,1,3,0,2
Brighton and Hove,114611,Cardinal Newman Catholic School,Voluntary Aided School,Applied GCE Double Award,Applied ICT,7,0,0,0,1,1,1,2,1,0,1,0,0
East Sussex,114656,Buckswood School,Independent School,Applied GCE Double Award,Applied Business,4,Supp,Supp,Supp,Supp,Supp,Supp,Supp,Supp,Supp,Supp,Supp,Supp
Essex,115431,Trinity School,Independent School,Applied GCE Double Award,Health & Social Care,2,Supp,Supp,Supp,Supp,Supp,Supp,Supp,Supp,Supp,Supp,Supp,Supp
Gloucestershire,115721,Beaufort Community School,Foundation School,Applied GCE Double Award,Health & Social Care,3,Supp,Supp,Supp,Supp,Supp,Supp,Supp,Supp,Supp,Supp,Supp,Supp
Hertfordshire,117515,Barclay School,Community School,Applied GCE Double Award,Applied Art & Design,2,Supp,Supp,Supp,Supp,Supp,Supp,Supp,Supp,Supp,Supp,Supp,Supp
Hertfordshire,117528,The Cavendish School,Community School,Applied GCE Double Award,Applied Business,3,Supp,Supp,Supp,Supp,Supp,Supp,Supp,Supp,Supp,Supp,Supp,Supp
Kent,118785,Dartford Science & Technology College,Community School,Applied GCE Double Award,Applied Business,6,0,1,0,0,0,0,1,2,1,0,1,0
Kent,118785,Dartford Science & Technology College,Community School,Applied GCE Double Award,Health & Social Care,11,0,1,0,2,1,2,1,0,3,1,0,0
Kent,118903,Hugh Christie Technology College,Foundation School,Applied GCE Double Award,Applied Business,11,0,1,1,2,1,2,3,0,0,0,1,0
Kent,118903,Hugh Christie Technology College,Foundation School,Applied GCE Double Award,Travel & Tourism,3,Supp,Supp,Supp,Supp,Supp,Supp,Supp,Supp,Supp,Supp,Supp,Supp
Kent,118904,St Simon Stock Catholic School,Voluntary Aided School,Applied GCE Double Award,Applied Art & Design,1,Supp,Supp,Supp,Supp,Supp,Supp,Supp,Supp,Supp,Supp,Supp,Supp
Kent,118978,Bethany School,Independent School,Applied GCE Double Award,Applied Business,10,0,1,1,2,1,2,1,1,0,0,0,1
Kent,119001,Kent College (Canterbury),Independent School,Applied GCE Double Award,Applied Business,5,Supp,Supp,Supp,Supp,Supp,Supp,Supp,Supp,Supp,Supp,Supp,Supp
Lancashire,119761,Morecambe Community High School,Community School,Applied GCE Double Award,Applied Business,6,0,0,0,1,0,0,1,1,1,0,0,2
Leicestershire,120261,Longslade Community College,Community School,Applied GCE Double Award,Health & Social Care,14,0,1,0,2,0,1,2,4,1,2,1,0
Norfolk,121151,Northgate High School,Community School,Applied GCE Double Award,Health & Social Care,5,Supp,Supp,Supp,Supp,Supp,Supp,Supp,Supp,Supp,Supp,Supp,Supp
Norfolk,121172,City of Norwich School,Community School,Applied GCE Double Award,Health & Social Care,4,Supp,Supp,Supp,Supp,Supp,Supp,Supp,Supp,Supp,Supp,Supp,Supp
Norfolk,121182,Dereham Neatherd High School,Community School,Applied GCE Double Award,Health & Social Care,3,Supp,Supp,Supp,Supp,Supp,Supp,Supp,Supp,Supp,Supp,Supp,Supp
North Yorkshire,121667,Caedmon College Whitby,Community School,Applied GCE Double Award,Health & Social Care,10,0,1,1,2,1,3,2,0,0,0,0,0
York,121673,Huntington School,Community School,Applied GCE Double Award,Health & Social Care,2,Supp,Supp,Supp,Supp,Supp,Supp,Supp,Supp,Supp,Supp,Supp,Supp
North Yorkshire,121680,Richmond School,Community School,Applied GCE Double Award,Health & Social Care,5,Supp,Supp,Supp,Supp,Supp,Supp,Supp,Supp,Supp,Supp,Supp,Supp
North Yorkshire,121687,King James's School,Community School,Applied GCE Double Award,Applied Business,2,Supp,Supp,Supp,Supp,Supp,Supp,Supp,Supp,Supp,Supp,Supp,Supp
North Yorkshire,121710,Northallerton College,Voluntary Controlled School,Applied GCE Double Award,Applied Art & Design,3,Supp,Supp,Supp,Supp,Supp,Supp,Supp,Supp,Supp,Supp,Supp,Supp
North Yorkshire,121710,Northallerton College,Voluntary Controlled School,Applied GCE Double Award,Health & Social Care,13,0,1,1,1,2,1,1,0,5,1,0,0
York,121711,Joseph Rowntree School,Voluntary Controlled School,Applied GCE Double Award,Health & Social Care,5,Supp,Supp,Supp,Supp,Supp,Supp,Supp,Supp,Supp,Supp,Supp,Supp
North Yorkshire,121717,St John Fisher Catholic High School,Voluntary Aided School,Applied GCE Double Award,Applied Business,2,Supp,Supp,Supp,Supp,Supp,Supp,Supp,Supp,Supp,Supp,Supp,Supp
North Yorkshire,121717,St John Fisher Catholic High School,Voluntary Aided School,Applied GCE Double Award,Health & Social Care,4,Supp,Supp,Supp,Supp,Supp,Supp,Supp,Supp,Supp,Supp,Supp,Supp
York,121720,All Saints RC School,Voluntary Aided School,Applied GCE Double Award,Applied Business,9,0,1,0,1,0,3,2,1,0,0,0,1
York,121720,All Saints RC School,Voluntary Aided School,Applied GCE Double Award,Health & Social Care,7,0,0,0,1,1,1,0,1,2,1,0,0
Northumberland,122367,St Benet Biscop Catholic Voluntary Aided High School,Voluntary Aided School,Applied GCE Double Award,Applied Business,10,0,1,0,2,2,3,1,0,0,0,0,1
Northumberland,122367,St Benet Biscop Catholic Voluntary Aided High School,Voluntary Aided School,Applied GCE Double Award,Health & Social Care,12,0,0,0,1,0,4,3,0,2,2,0,0
Nottinghamshire,122908,Worksop College,Independent School,Applied GCE Double Award,Applied Business,4,Supp,Supp,Supp,Supp,Supp,Supp,Supp,Supp,Supp,Supp,Supp,Supp
Telford and Wrekin,123627,Thomas Telford School,City Technology College,Applied GCE Double Award,Health & Social Care,7,0,0,0,3,3,0,0,1,0,0,0,0
Somerset,123862,Frome Community College,Community School,Applied GCE Double Award,Applied Business,4,Supp,Supp,Supp,Supp,Supp,Supp,Supp,Supp,Supp,Supp,Supp,Supp
Staffordshire,124395,Norton Canes High School,Community School,Applied GCE Double Award,Applied Art & Design,1,Supp,Supp,Supp,Supp,Supp,Supp,Supp,Supp,Supp,Supp,Supp,Supp
Staffordshire,124397,Kingsmead School,Foundation School,Applied GCE Double Award,Applied Art & Design,2,Supp,Supp,Supp,Supp,Supp,Supp,Supp,Supp,Supp,Supp,Supp,Supp
Staffordshire,124408,King Edward VI School,Community School,Applied GCE Double Award,Applied Art & Design,7,1,0,1,2,2,0,0,1,0,0,0,0
Staffordshire,124425,Cheslyn Hay Sport and Community High School,Community School,Applied GCE Double Award,Applied Art & Design,8,1,4,0,1,0,2,0,0,0,0,0,0
Staffordshire,124425,Cheslyn Hay Sport and Community High School,Community School,Applied GCE Double Award,Health & Social Care,2,Supp,Supp,Supp,Supp,Supp,Supp,Supp,Supp,Supp,Supp,Supp,Supp
Staffordshire,124430,Thomas Alleyne's High School,Community School,Applied GCE Double Award,Applied Art & Design,5,Supp,Supp,Supp,Supp,Supp,Supp,Supp,Supp,Supp,Supp,Supp,Supp
Suffolk,124802,Thurston Community College,Community School,Applied GCE Double Award,Health & Social Care,7,0,0,0,1,3,1,1,0,1,0,0,0
Suffolk,124818,Stowmarket High School,Community School,Applied GCE Double Award,Applied Business,3,Supp,Supp,Supp,Supp,Supp,Supp,Supp,Supp,Supp,Supp,Supp,Supp
Suffolk,124840,Northgate High School,Community School,Applied GCE Double Award,Applied Science,7,0,0,0,0,0,0,1,2,1,2,0,1
Warwickshire,125748,North Leamington School,Community School,Applied GCE Double Award,Applied Business,4,Supp,Supp,Supp,Supp,Supp,Supp,Supp,Supp,Supp,Supp,Supp,Supp
West Sussex,126081,The Angmering School,Community School,Applied GCE Double Award,Health & Social Care,3,Supp,Supp,Supp,Supp,Supp,Supp,Supp,Supp,Supp,Supp,Supp,Supp
West Sussex,126088,Imberhorne School,Community School,Applied GCE Double Award,Applied Art & Design,4,Supp,Supp,Supp,Supp,Supp,Supp,Supp,Supp,Supp,Supp,Supp,Supp
West Sussex,126088,Imberhorne School,Community School,Applied GCE Double Award,Health & Social Care,9,0,0,0,1,2,0,2,1,3,0,0,0
West Sussex,126088,Imberhorne School,Community School,Applied GCE Double Award,Travel & Tourism,6,0,0,0,0,1,2,2,1,0,0,0,0
West Sussex,126092,Steyning Grammar School,Voluntary Controlled School,Applied GCE Double Award,Health & Social Care,5,Supp,Supp,Supp,Supp,Supp,Supp,Supp,Supp,Supp,Supp,Supp,Supp
Wiltshire,126448,Melksham Oak Community School,Community School,Applied GCE Double Award,Applied Business,4,Supp,Supp,Supp,Supp,Supp,Supp,Supp,Supp,Supp,Supp,Supp,Supp
Wiltshire,126448,Melksham Oak Community School,Community School,Applied GCE Double Award,Applied ICT,11,0,0,1,1,0,4,3,1,1,0,0,0
Lewisham,130416,Christ The King Sixth Form College,Further Education Sector Institution,Applied GCE Double Award,Applied Science,21,0,0,0,0,0,1,3,4,6,5,1,1
Lewisham,130416,Christ The King Sixth Form College,Further Education Sector Institution,Applied GCE Double Award,Health & Social Care,22,0,0,0,2,5,2,2,1,5,3,2,0
Camden,130421,Westminster Kingsway College,General Further Education College,Applied GCE Double Award,Applied Science,1,Supp,Supp,Supp,Supp,Supp,Supp,Supp,Supp,Supp,Supp,Supp,Supp
Camden,130421,Westminster Kingsway College,General Further Education College,Applied GCE Double Award,Health & Social Care,1,Supp,Supp,Supp,Supp,Supp,Supp,Supp,Supp,Supp,Supp,Supp,Supp
Barnet,130427,Woodhouse College,Sixth Form Centre / Consortia,Applied GCE Double Award,Applied Business,19,1,2,4,3,2,2,1,0,2,2,0,0
Barnet,130427,Woodhouse College,Sixth Form Centre / Consortia,Applied GCE Double Award,Applied ICT,9,0,0,0,0,1,2,0,2,2,0,2,0
Havering,130445,Havering Sixth Form College,Sixth Form Centre / Consortia,Applied GCE Double Award,Applied Science,8,0,0,0,0,0,0,1,0,0,6,1,0
Havering,130445,Havering Sixth Form College,Sixth Form Centre / Consortia,Applied GCE Double Award,Health & Social Care,24,0,0,0,0,1,10,5,5,2,1,0,0
Redbridge,130453,Redbridge College,General Further Education College,Applied GCE Double Award,Applied Business,1,Supp,Supp,Supp,Supp,Supp,Supp,Supp,Supp,Supp,Supp,Supp,Supp
Solihull,130481,Solihull College,General Further Education College,Applied GCE Double Award,Health & Social Care,1,Supp,Supp,Supp,Supp,Supp,Supp,Supp,Supp,Supp,Supp,Supp,Supp
Knowsley,130486,Knowsley Community College,Tertiary College,Applied GCE Double Award,Health & Social Care,1,Supp,Supp,Supp,Supp,Supp,Supp,Supp,Supp,Supp,Supp,Supp,Supp
Liverpool,130487,The City of Liverpool College,General Further Education College,Applied GCE Double Award,Applied Business,2,Supp,Supp,Supp,Supp,Supp,Supp,Supp,Supp,Supp,Supp,Supp,Supp
Liverpool,130487,The City of Liverpool College,General Further Education College,Applied GCE Double Award,Health & Social Care,2,Supp,Supp,Supp,Supp,Supp,Supp,Supp,Supp,Supp,Supp,Supp,Supp
St. Helens,130489,Carmel College,Further Education Sector Institution,Applied GCE Double Award,Applied Business,11,0,2,0,3,2,3,1,0,0,0,0,0
St. Helens,130489,Carmel College,Further Education Sector Institution,Applied GCE Double Award,Health & Social Care,26,0,0,2,0,7,7,6,2,1,1,0,0
Wirral,130494,Birkenhead Sixth Form College,Sixth Form Centre / Consortia,Applied GCE Double Award,Health & Social Care,1,Supp,Supp,Supp,Supp,Supp,Supp,Supp,Supp,Supp,Supp,Supp,Supp
Manchester,130504,Xaverian College,Further Education Sector Institution,Applied GCE Double Award,Health & Social Care,42,1,3,0,3,9,6,12,5,3,0,0,0
Oldham,130505,The Oldham College,General Further Education College,Applied GCE Double Award,Applied Art & Design,5,Supp,Supp,Supp,Supp,Supp,Supp,Supp,Supp,Supp,Supp,Supp,Supp
Oldham,130505,The Oldham College,General Further Education College,Applied GCE Double Award,Health & Social Care,2,Supp,Supp,Supp,Supp,Supp,Supp,Supp,Supp,Supp,Supp,Supp,Supp
Oldham,130506,Oldham Sixth Form College,Sixth Form Centre / Consortia,Applied GCE Double Award,Applied Art & Design,9,1,0,1,1,2,1,1,1,1,0,0,0
Oldham,130506,Oldham Sixth Form College,Sixth Form Centre / Consortia,Applied GCE Double Award,Health & Social Care,25,0,0,1,6,6,5,4,1,2,0,0,0
Stockport,130512,Stockport College,General Further Education College,Applied GCE Double Award,Applied Art & Design,4,Supp,Supp,Supp,Supp,Supp,Supp,Supp,Supp,Supp,Supp,Supp,Supp
Stockport,130512,Stockport College,General Further Education College,Applied GCE Double Award,Health & Social Care,10,0,0,0,0,0,0,1,4,2,2,0,1
Stockport,130514,Aquinas College,Further Education Sector Institution,Applied GCE Double Award,Applied Business,25,0,0,1,4,1,6,6,2,4,0,0,1
Stockport,130515,Cheadle and Marple Sixth Form College,Sixth Form Centre / Consortia,Applied GCE Double Award,Applied Art & Design,9,0,0,0,0,2,1,3,2,1,0,0,0
Stockport,130515,Cheadle and Marple Sixth Form College,Sixth Form Centre / Consortia,Applied GCE Double Award,Applied ICT,8,0,0,0,0,0,1,0,2,1,1,2,1
Barnsley,130524,Barnsley College,Tertiary College,Applied GCE Double Award,Applied Science,17,0,0,0,0,0,0,0,1,5,2,7,2
Doncaster,130526,Doncaster College,General Further Education College,Applied GCE Double Award,Applied ICT,8,0,0,0,0,0,1,0,1,1,4,0,1
Bradford,130532,Bradford College,General Further Education College,Applied GCE Double Award,Applied Science,9,0,0,0,0,0,0,1,3,2,1,0,2
Bradford,130532,Bradford College,General Further Education College,Applied GCE Double Award,Health & Social Care,1,Supp,Supp,Supp,Supp,Supp,Supp,Supp,Supp,Supp,Supp,Supp,Supp
Leeds,130548,Notre Dame Catholic Sixth Form College,Further Education Sector Institution,Applied GCE Double Award,Applied Business,6,0,1,1,1,1,1,1,0,0,0,0,0
Leeds,130548,Notre Dame Catholic Sixth Form College,Further Education Sector Institution,Applied GCE Double Award,Health & Social Care,14,0,0,0,0,1,4,4,3,2,0,0,0
Wakefield,130549,Wakefield College,General Further Education College,Applied GCE Double Award,Applied ICT,28,0,0,0,0,0,4,1,3,5,4,5,6
Wakefield,130549,Wakefield College,General Further Education College,Applied GCE Double Award,Health & Social Care,19,0,0,0,0,0,4,5,4,4,2,0,0
Wakefield,130550,New College Pontefract,Sixth Form Centre / Consortia,Applied GCE Double Award,Health & Social Care,1,Supp,Supp,Supp,Supp,Supp,Supp,Supp,Supp,Supp,Supp,Supp,Supp
Newcastle upon Tyne,130552,NCG,General Further Education College,Applied GCE Double Award,Applied Business,6,2,2,0,0,1,0,1,0,0,0,0,0
"Bristol, City of",130563,St Brendan's Sixth Form College,Further Education Sector Institution,Applied GCE Double Award,Applied ICT,10,0,0,0,0,2,1,1,3,3,0,0,0
Middlesbrough,130571,Cleveland College of Art and Design,"Art, Design and Performing Art College",Applied GCE Double Award,Applied Art & Design,2,Supp,Supp,Supp,Supp,Supp,Supp,Supp,Supp,Supp,Supp,Supp,Supp
Redcar and Cleveland,130575,Prior Pursglove College,Further Education Sector Institution,Applied GCE Double Award,Health & Social Care,35,0,0,1,6,7,9,5,4,1,2,0,0
Stockton-on-Tees,130577,Stockton Sixth Form College,Sixth Form Centre / Consortia,Applied GCE Double Award,Applied Business,15,0,0,1,1,1,1,1,1,6,0,3,0
Stockton-on-Tees,130577,Stockton Sixth Form College,Sixth Form Centre / Consortia,Applied GCE Double Award,Health & Social Care,13,0,3,1,0,4,2,2,1,0,0,0,0
"Kingston upon Hull, City of",130581,Wyke Sixth Form College,Sixth Form Centre / Consortia,Applied GCE Double Award,Applied Science,8,0,0,0,0,0,4,2,2,0,0,0,0
North East Lincolnshire,130586,Franklin College,Sixth Form Centre / Consortia,Applied GCE Double Award,Health & Social Care,27,0,2,3,4,5,3,4,2,2,2,0,0
Cambridgeshire,130610,Cambridge Regional College,General Further Education College,Applied GCE Double Award,Applied Art & Design,5,Supp,Supp,Supp,Supp,Supp,Supp,Supp,Supp,Supp,Supp,Supp,Supp
Cambridgeshire,130610,Cambridge Regional College,General Further Education College,Applied GCE Double Award,Applied Business,1,Supp,Supp,Supp,Supp,Supp,Supp,Supp,Supp,Supp,Supp,Supp,Supp
Warrington,130624,Priestley College,Sixth Form Centre / Consortia,Applied GCE Double Award,Health & Social Care,68,0,0,0,5,5,19,9,9,8,9,3,1
Cumbria,130634,Carlisle College,General Further Education College,Applied GCE Double Award,Health & Social Care,1,Supp,Supp,Supp,Supp,Supp,Supp,Supp,Supp,Supp,Supp,Supp,Supp
Cumbria,130637,Barrow-in-Furness Sixth Form College,Sixth Form Centre / Consortia,Applied GCE Double Award,Health & Social Care,8,0,0,0,2,4,1,1,0,0,0,0,0
Darlington,130662,Queen Elizabeth Sixth Form College,Sixth Form Centre / Consortia,Applied GCE Double Award,Applied ICT,16,0,0,1,2,0,3,0,2,5,2,0,1
Darlington,130662,Queen Elizabeth Sixth Form College,Sixth Form Centre / Consortia,Applied GCE Double Award,Health & Social Care,28,0,3,0,2,2,7,6,1,2,3,2,0
Darlington,130662,Queen Elizabeth Sixth Form College,Sixth Form Centre / Consortia,Applied GCE Double Award,Travel & Tourism,10,0,0,1,1,0,4,3,0,0,1,0,0
Brighton and Hove,130663,City College Brighton and Hove,General Further Education College,Applied GCE Double Award,Applied Art & Design,2,Supp,Supp,Supp,Supp,Supp,Supp,Supp,Supp,Supp,Supp,Supp,Supp
Brighton and Hove,130663,City College Brighton and Hove,General Further Education College,Applied GCE Double Award,Health & Social Care,1,Supp,Supp,Supp,Supp,Supp,Supp,Supp,Supp,Supp,Supp,Supp,Supp
Brighton and Hove,130668,Varndean College,Sixth Form Centre / Consortia,Applied GCE Double Award,Health & Social Care,9,0,0,1,0,1,0,0,1,4,2,0,0
Thurrock,130682,Palmer's College,Further Education Sector Institution,Applied GCE Double Award,Applied ICT,13,0,0,0,1,1,2,2,1,1,4,1,0
Hampshire,130688,Basingstoke College of Technology,General Further Education College,Applied GCE Double Award,Health & Social Care,1,Supp,Supp,Supp,Supp,Supp,Supp,Supp,Supp,Supp,Supp,Supp,Supp
Hampshire,130700,Queen Mary's College,Sixth Form Centre / Consortia,Applied GCE Double Award,Health & Social Care,10,0,3,0,0,2,1,0,3,1,0,0,0
Hampshire,130701,Barton Peveril Sixth Form College,Sixth Form Centre / Consortia,Applied GCE Double Award,Health & Social Care,27,0,1,0,4,4,2,1,7,6,0,2,0
Southampton,130704,Itchen College,Sixth Form Centre / Consortia,Applied GCE Double Award,Health & Social Care,9,0,0,0,0,1,1,3,2,1,0,1,0
Southampton,130704,Itchen College,Sixth Form Centre / Consortia,Applied GCE Double Award,Travel & Tourism,14,0,0,0,1,2,4,5,1,1,0,0,0
Hampshire,130708,Peter Symonds College,Further Education Sector Institution,Applied GCE Double Award,Applied Business,16,0,0,0,0,2,4,6,1,1,1,1,0
Hampshire,130708,Peter Symonds College,Further Education Sector Institution,Applied GCE Double Award,Health & Social Care,17,0,1,0,0,2,5,1,4,1,2,0,1
"Herefordshire, County of",130718,Hereford Sixth Form College,Sixth Form Centre / Consortia,Applied GCE Double Award,Travel & Tourism,5,Supp,Supp,Supp,Supp,Supp,Supp,Supp,Supp,Supp,Supp,Supp,Supp
Worcestershire,130719,Worcester Sixth Form College,Sixth Form Centre / Consortia,Applied GCE Double Award,Health & Social Care,20,0,0,0,2,3,4,2,5,3,1,0,0
Kent,130727,West Kent and Ashford College,General Further Education College,Applied GCE Double Award,Health & Social Care,8,0,0,0,0,0,1,0,1,1,2,1,2
Leicestershire,130748,Loughborough College,General Further Education College,Applied GCE Double Award,Applied Business,13,0,0,2,0,2,2,3,1,2,1,0,0
Leicester,130755,Gateway Sixth Form College,Sixth Form Centre / Consortia,Applied GCE Double Award,Applied ICT,8,0,0,0,0,0,0,2,2,1,2,0,1
Leicester,130755,Gateway Sixth Form College,Sixth Form Centre / Consortia,Applied GCE Double Award,Health & Social Care,31,0,0,1,0,5,4,8,5,4,3,0,1
Norfolk,130767,East Norfolk Sixth Form College,Sixth Form Centre / Consortia,Applied GCE Double Award,Health & Social Care,16,0,0,0,0,1,2,2,2,5,2,0,2
Northumberland,130773,Northumberland College,General Further Education College,Applied GCE Double Award,Health & Social Care,1,Supp,Supp,Supp,Supp,Supp,Supp,Supp,Supp,Supp,Supp,Supp,Supp
Nottingham,130776,New College Nottingham,General Further Education College,Applied GCE Double Award,Applied Art & Design,16,0,0,1,1,2,2,4,2,3,1,0,0
Telford and Wrekin,130801,New College Telford,Sixth Form Centre / Consortia,Applied GCE Double Award,Applied Business,17,0,2,0,2,1,2,3,2,2,0,2,1
Somerset,130808,Richard Huish College,Further Education Sector Institution,Applied GCE Double Award,Health & Social Care,13,0,1,0,1,1,4,3,0,0,0,3,0
Surrey,130823,Guildford College of Further and Higher Education,General Further Education College,Applied GCE Double Award,Applied Art & Design,3,Supp,Supp,Supp,Supp,Supp,Supp,Supp,Supp,Supp,Supp,Supp,Supp
Surrey,130830,Esher College,Sixth Form Centre / Consortia,Applied GCE Double Award,Applied Art & Design,30,3,0,3,5,4,5,5,2,3,0,0,0
Surrey,130830,Esher College,Sixth Form Centre / Consortia,Applied GCE Double Award,Health & Social Care,10,0,0,0,1,0,1,1,2,1,2,2,0
Surrey,130831,Woking College,Sixth Form Centre / Consortia,Applied GCE Double Award,Applied Art & Design,12,0,2,0,2,1,2,3,2,0,0,0,0
West Sussex,130845,Worthing College,General Further Education College,Applied GCE Double Award,Travel & Tourism,10,0,0,2,1,0,1,1,2,1,1,1,0
West Sussex,130847,The College of Richard Collyer In Horsham,Further Education Sector Institution,Applied GCE Double Award,Health & Social Care,21,0,2,0,2,1,5,4,1,4,2,0,0
West Sussex,130847,The College of Richard Collyer In Horsham,Further Education Sector Institution,Applied GCE Double Award,Travel & Tourism,11,0,1,1,2,2,3,2,0,0,0,0,0
County Durham,131859,East Durham College,General Further Education College,Applied GCE Double Award,Health & Social Care,1,Supp,Supp,Supp,Supp,Supp,Supp,Supp,Supp,Supp,Supp,Supp,Supp
Leicester,131863,Leicester College co Freemen's Park Campus,General Further Education College,Applied GCE Double Award,Health & Social Care,1,Supp,Supp,Supp,Supp,Supp,Supp,Supp,Supp,Supp,Supp,Supp,Supp
East Sussex,133435,Sussex Downs College,General Further Education College,Applied GCE Double Award,Applied Art & Design,12,1,1,1,1,4,2,1,1,0,0,0,0
East Sussex,133435,Sussex Downs College,General Further Education College,Applied GCE Double Award,Health & Social Care,21,0,0,0,0,5,4,4,4,2,1,0,1
Derby,133585,Derby College,Tertiary College,Applied GCE Double Award,Applied Art & Design,1,Supp,Supp,Supp,Supp,Supp,Supp,Supp,Supp,Supp,Supp,Supp,Supp
Derby,133585,Derby College,Tertiary College,Applied GCE Double Award,Applied Science,11,0,0,0,0,0,1,0,2,7,1,0,0
Walsall,133697,Walsall Academy,Sponsored Academy,Applied GCE Double Award,Applied Business,5,Supp,Supp,Supp,Supp,Supp,Supp,Supp,Supp,Supp,Supp,Supp,Supp
Walsall,133697,Walsall Academy,Sponsored Academy,Applied GCE Double Award,Applied ICT,1,Supp,Supp,Supp,Supp,Supp,Supp,Supp,Supp,Supp,Supp,Supp,Supp
Brent,133724,JFS,Voluntary Aided School,Applied GCE Double Award,Applied Art & Design,10,0,0,2,0,5,2,1,0,0,0,0,0
Hackney,134693,Mossbourne Community Academy,Sponsored Academy,Applied GCE Double Award,Health & Social Care,6,0,0,0,0,0,0,2,1,1,0,2,0
Hillingdon,134797,Stockley Academy,Sponsored Academy,Applied GCE Double Award,Applied Business,8,0,3,0,2,2,1,0,0,0,0,0,0
Hillingdon,134797,Stockley Academy,Sponsored Academy,Applied GCE Double Award,Applied ICT,2,Supp,Supp,Supp,Supp,Supp,Supp,Supp,Supp,Supp,Supp,Supp,Supp
Barnet,134798,London Academy,Sponsored Academy,Applied GCE Double Award,Applied Business,10,0,0,0,0,0,0,1,4,4,0,1,0
Sandwell,134993,Sandwell Academy,Sponsored Academy,Applied GCE Double Award,Applied Business,9,0,2,0,4,2,1,0,0,0,0,0,0
Sandwell,134993,Sandwell Academy,Sponsored Academy,Applied GCE Double Award,Applied ICT,7,0,0,0,0,2,3,1,1,0,0,0,0
Sandwell,134993,Sandwell Academy,Sponsored Academy,Applied GCE Double Award,Applied Science,6,0,0,0,0,0,1,1,1,0,1,2,0
Sandwell,134993,Sandwell Academy,Sponsored Academy,Applied GCE Double Award,Health & Social Care,5,Supp,Supp,Supp,Supp,Supp,Supp,Supp,Supp,Supp,Supp,Supp,Supp
Doncaster,135007,Trinity Academy,Sponsored Academy,Applied GCE Double Award,Applied Business,6,0,1,1,1,0,3,0,0,0,0,0,0
Doncaster,135007,Trinity Academy,Sponsored Academy,Applied GCE Double Award,Health & Social Care,9,0,0,1,1,2,2,0,1,1,0,1,0
Telford and Wrekin,135149,Madeley Academy,Sponsored Academy,Applied GCE Double Award,Health & Social Care,3,Supp,Supp,Supp,Supp,Supp,Supp,Supp,Supp,Supp,Supp,Supp,Supp
Peterborough,135263,Thomas Deacon Academy,Sponsored Academy,Applied GCE Double Award,Health & Social Care,4,Supp,Supp,Supp,Supp,Supp,Supp,Supp,Supp,Supp,Supp,Supp,Supp
Kent,135297,The Leigh Academy,Sponsored Academy,Applied GCE Double Award,Applied Business,7,0,0,0,0,1,2,1,1,1,0,1,0
Sefton,135387,South Sefton College,Foundation School,Applied GCE Double Award,Health & Social Care,7,0,0,0,0,0,0,1,3,1,0,2,0
Croydon,135416,Harris Federation Post 16,Sixth Form Centre,Applied GCE Double Award,Health & Social Care,19,0,0,0,0,1,3,4,1,5,4,1,0
Sheffield,135503,Forge Valley Community School,Foundation School,Applied GCE Double Award,Health & Social Care,15,0,0,0,0,1,0,4,6,1,2,0,1
Islington,135587,City of London Academy Islington,Sponsored Academy,Applied GCE Double Award,Health & Social Care,3,Supp,Supp,Supp,Supp,Supp,Supp,Supp,Supp,Supp,Supp,Supp,Supp
Middlesbrough,135606,Trinity Catholic College,Voluntary Aided School,Applied GCE Double Award,Health & Social Care,7,0,0,0,0,0,0,2,0,4,1,0,0
Cumbria,135621,Richard Rose Central Academy,Sponsored Academy,Applied GCE Double Award,Health & Social Care,5,Supp,Supp,Supp,Supp,Supp,Supp,Supp,Supp,Supp,Supp,Supp,Supp
Kent,135630,Longfield Academy,Sponsored Academy,Applied GCE Double Award,Applied Business,14,0,0,0,1,1,4,3,2,2,1,0,0
Essex,135652,Greensward Academy,Sponsored Academy,Applied GCE Double Award,Health & Social Care,2,Supp,Supp,Supp,Supp,Supp,Supp,Supp,Supp,Supp,Supp,Supp,Supp
Essex,135653,Maltings Academy,Sponsored Academy,Applied GCE Double Award,Health & Social Care,11,0,0,0,2,0,1,4,2,2,0,0,0
Rochdale,135659,Rochdale Sixth Form College,Sixth Form Centre / Consortia,Applied GCE Double Award,Applied Business,16,0,0,2,4,1,3,4,1,1,0,0,0
Rochdale,135659,Rochdale Sixth Form College,Sixth Form Centre / Consortia,Applied GCE Double Award,Applied ICT,14,0,0,0,0,3,2,3,2,2,2,0,0
Rochdale,135659,Rochdale Sixth Form College,Sixth Form Centre / Consortia,Applied GCE Double Award,Applied Science,16,0,0,0,2,0,3,2,0,6,0,2,1
Rochdale,135659,Rochdale Sixth Form College,Sixth Form Centre / Consortia,Applied GCE Double Award,Health & Social Care,50,0,0,5,10,9,13,8,3,1,1,0,0
Halton,135731,St Chads Catholic and Church of England High School,Voluntary Aided School,Applied GCE Double Award,Applied Science,11,0,0,0,0,0,0,1,3,2,2,1,2
Leeds,135771,Leeds City  College,General Further Education College,Applied GCE Double Award,Applied Art & Design,1,Supp,Supp,Supp,Supp,Supp,Supp,Supp,Supp,Supp,Supp,Supp,Supp
Suffolk,135863,Suffolk One,Foundation School,Applied GCE Double Award,Applied Business,1,Supp,Supp,Supp,Supp,Supp,Supp,Supp,Supp,Supp,Supp,Supp,Supp
Kent,135888,Skinners' Kent Academy,Sponsored Academy,Applied GCE Double Award,Applied Science,3,Supp,Supp,Supp,Supp,Supp,Supp,Supp,Supp,Supp,Supp,Supp,Supp
Leeds,135935,Leeds West Academy,Sponsored Academy,Applied GCE Double Award,Health & Social Care,3,Supp,Supp,Supp,Supp,Supp,Supp,Supp,Supp,Supp,Supp,Supp,Supp
Enfield,135958,Oasis Academy Hadley,Sponsored Academy,Applied GCE Double Award,Applied Business,14,0,0,1,1,2,1,2,1,5,0,1,0
Wakefield,135961,Outwood Grange Academy,Sponsored Academy,Applied GCE Double Award,Applied ICT,8,0,1,0,1,1,3,1,1,0,0,0,0
Northamptonshire,135967,Kettering Science Academy,Sponsored Academy,Applied GCE Double Award,Health & Social Care,7,0,0,0,1,2,1,1,2,0,0,0,0
Leeds,135969,South Leeds Academy,Sponsored Academy,Applied GCE Double Award,Applied Business,1,Supp,Supp,Supp,Supp,Supp,Supp,Supp,Supp,Supp,Supp,Supp,Supp
Leeds,135969,South Leeds Academy,Sponsored Academy,Applied GCE Double Award,Applied ICT,1,Supp,Supp,Supp,Supp,Supp,Supp,Supp,Supp,Supp,Supp,Supp,Supp
Brent,135973,The Crest Academies,Sponsored Academy,Applied GCE Double Award,Applied Business,7,0,0,0,0,0,2,0,0,3,1,1,0
Brent,135974,The Crest Boys' Academy,Sponsored Academy,Applied GCE Double Award,Applied Business,7,0,0,0,0,0,0,1,1,2,2,1,0
Rotherham,136042,Maltby Academy,Sponsored Academy,Applied GCE Double Award,Health & Social Care,4,Supp,Supp,Supp,Supp,Supp,Supp,Supp,Supp,Supp,Supp,Supp,Supp
Sandwell,136091,The Phoenix Collegiate,Foundation School,Applied GCE Double Award,Applied Business,12,0,4,0,2,1,1,0,1,2,1,0,0
Suffolk,136255,Lowestoft Sixth Form College,Sixth Form Centre / Consortia,Applied GCE Double Award,Health & Social Care,8,0,0,0,0,1,1,3,3,0,0,0,0
Peterborough,136266,Arthur Mellows Village College,Converter Academy,Applied GCE Double Award,Health & Social Care,4,Supp,Supp,Supp,Supp,Supp,Supp,Supp,Supp,Supp,Supp,Supp,Supp
Redbridge,136267,Chadwell Heath Academy,Converter Academy,Applied GCE Double Award,Applied ICT,8,0,1,0,1,1,0,0,2,1,1,1,0
Suffolk,136271,Hartismere School,Converter Academy,Applied GCE Double Award,Applied Business,3,Supp,Supp,Supp,Supp,Supp,Supp,Supp,Supp,Supp,Supp,Supp,Supp
Suffolk,136271,Hartismere School,Converter Academy,Applied GCE Double Award,Health & Social Care,7,0,0,0,2,2,0,1,1,0,1,0,0
Wiltshire,136296,Hardenhuish School,Converter Academy,Applied GCE Double Award,Health & Social Care,1,Supp,Supp,Supp,Supp,Supp,Supp,Supp,Supp,Supp,Supp,Supp,Supp
Rotherham,136301,Brinsworth Comprehensive School,Converter Academy,Applied GCE Double Award,Applied Business,4,Supp,Supp,Supp,Supp,Supp,Supp,Supp,Supp,Supp,Supp,Supp,Supp
Rotherham,136301,Brinsworth Comprehensive School,Converter Academy,Applied GCE Double Award,Health & Social Care,9,0,1,0,0,0,1,1,2,2,2,0,0
Lincolnshire,136315,Queen Elizabeth's Grammar Alford - A Selective Academy,Converter Academy,Applied GCE Double Award,Applied Business,13,4,0,0,4,3,2,0,0,0,0,0,0
Kent,136317,Sandwich Technology School,Converter Academy,Applied GCE Double Award,Applied Science,21,0,0,0,0,0,4,4,3,5,3,2,0
Kent,136324,Fulston Manor School,Converter Academy,Applied GCE Double Award,Health & Social Care,7,0,0,0,0,2,0,4,1,0,0,0,0
Rotherham,136331,Wales High School,Converter Academy,Applied GCE Double Award,Applied Science,2,Supp,Supp,Supp,Supp,Supp,Supp,Supp,Supp,Supp,Supp,Supp,Supp
Rotherham,136331,Wales High School,Converter Academy,Applied GCE Double Award,Health & Social Care,8,0,0,0,0,0,3,4,1,0,0,0,0
Devon,136336,Ivybridge Community College,Converter Academy,Applied GCE Double Award,Applied Science,5,Supp,Supp,Supp,Supp,Supp,Supp,Supp,Supp,Supp,Supp,Supp,Supp
Cheshire East,136340,Sandbach High School and Sixth Form College,Converter Academy,Applied GCE Double Award,Applied Business,4,Supp,Supp,Supp,Supp,Supp,Supp,Supp,Supp,Supp,Supp,Supp,Supp
Cheshire East,136340,Sandbach High School and Sixth Form College,Converter Academy,Applied GCE Double Award,Health & Social Care,3,Supp,Supp,Supp,Supp,Supp,Supp,Supp,Supp,Supp,Supp,Supp,Supp
Leeds,136343,Garforth Academy,Converter Academy,Applied GCE Double Award,Applied Business,7,0,0,0,1,0,1,1,0,1,2,1,0
Leeds,136343,Garforth Academy,Converter Academy,Applied GCE Double Award,Applied ICT,9,0,0,0,1,0,2,1,3,1,1,0,0
Leeds,136343,Garforth Academy,Converter Academy,Applied GCE Double Award,Travel & Tourism,2,Supp,Supp,Supp,Supp,Supp,Supp,Supp,Supp,Supp,Supp,Supp,Supp
Cumbria,136357,Queen Elizabeth School,Converter Academy,Applied GCE Double Award,Health & Social Care,10,0,0,1,2,1,2,1,2,0,1,0,0
Derby,136360,Chellaston Academy,Converter Academy,Applied GCE Double Award,Applied Art & Design,14,3,2,0,2,5,2,0,0,0,0,0,0
Derby,136360,Chellaston Academy,Converter Academy,Applied GCE Double Award,Applied ICT,4,Supp,Supp,Supp,Supp,Supp,Supp,Supp,Supp,Supp,Supp,Supp,Supp
Derby,136360,Chellaston Academy,Converter Academy,Applied GCE Double Award,Health & Social Care,5,Supp,Supp,Supp,Supp,Supp,Supp,Supp,Supp,Supp,Supp,Supp,Supp
Cornwall,136383,Bodmin College,Converter Academy,Applied GCE Double Award,Applied Art & Design,6,0,1,1,2,1,0,1,0,0,0,0,0
Leeds,136392,The Morley Academy,Converter Academy,Applied GCE Double Award,Health & Social Care,7,0,0,0,1,0,2,0,1,1,1,1,0
Hertfordshire,136396,The Broxbourne School,Converter Academy,Applied GCE Double Award,Applied Business,13,1,1,0,3,3,2,1,1,0,1,0,0
"Herefordshire, County of",136399,John Kyrle High School and Sixth Form Centre Academy,Converter Academy,Applied GCE Double Award,Health & Social Care,7,0,1,0,1,1,2,0,2,0,0,0,0
Staffordshire,136414,The de Ferrers Academy,Converter Academy,Applied GCE Double Award,Applied ICT,9,0,1,0,0,1,1,2,1,1,1,1,0
Staffordshire,136414,The de Ferrers Academy,Converter Academy,Applied GCE Double Award,Health & Social Care,7,0,0,0,0,0,0,2,3,2,0,0,0
Suffolk,136453,Ipswich Academy,Sponsored Academy,Applied GCE Double Award,Applied Business,5,Supp,Supp,Supp,Supp,Supp,Supp,Supp,Supp,Supp,Supp,Supp,Supp
Bedford,136470,Sharnbrook Upper School,Converter Academy,Applied GCE Double Award,Health & Social Care,9,0,0,0,2,0,2,4,1,0,0,0,0
Gloucestershire,136474,Balcarras School,Converter Academy,Applied GCE Double Award,Health & Social Care,4,Supp,Supp,Supp,Supp,Supp,Supp,Supp,Supp,Supp,Supp,Supp,Supp
Norfolk,136515,Springwood High School,Converter Academy,Applied GCE Double Award,Applied ICT,7,0,0,0,1,2,0,0,0,1,2,1,0
Hounslow,136522,Cranford Community College,Converter Academy,Applied GCE Double Award,Applied ICT,8,0,0,0,0,0,0,1,3,3,1,0,0
Plymouth,136556,Ridgeway School,Converter Academy,Applied GCE Double Award,Health & Social Care,1,Supp,Supp,Supp,Supp,Supp,Supp,Supp,Supp,Supp,Supp,Supp,Supp
Devon,136569,South Dartmoor Community College,Converter Academy,Applied GCE Double Award,Applied Business,4,Supp,Supp,Supp,Supp,Supp,Supp,Supp,Supp,Supp,Supp,Supp,Supp
Poole,136574,Corfe Hills School,Converter Academy,Applied GCE Double Award,Health & Social Care,5,Supp,Supp,Supp,Supp,Supp,Supp,Supp,Supp,Supp,Supp,Supp,Supp
Kent,136583,Towers School and Sixth Form Centre,Converter Academy,Applied GCE Double Award,Health & Social Care,6,0,0,0,0,0,0,2,4,0,0,0,0
Kent,136585,Dane Court Grammar School,Converter Academy,Applied GCE Double Award,Applied Business,6,0,0,0,0,1,0,1,1,3,0,0,0
Warwickshire,136587,Ashlawn School,Converter Academy,Applied GCE Double Award,Health & Social Care,2,Supp,Supp,Supp,Supp,Supp,Supp,Supp,Supp,Supp,Supp,Supp,Supp
Kent,136603,Bennett Memorial Diocesan School,Converter Academy,Applied GCE Double Award,Applied ICT,10,0,1,0,2,0,1,0,1,1,3,1,0
Calderdale,136604,Brighouse High School,Converter Academy,Applied GCE Double Award,Applied Business,11,0,0,0,0,1,2,5,3,0,0,0,0
Hertfordshire,136608,The Knights Templar School,Converter Academy,Applied GCE Double Award,Applied Business,9,0,0,0,1,1,3,3,1,0,0,0,0
Wiltshire,136632,Sheldon School,Converter Academy,Applied GCE Double Award,Health & Social Care,10,0,1,0,1,1,2,1,2,1,1,0,0
Bromley,136644,Hayes School,Converter Academy,Applied GCE Double Award,Applied Business,10,0,0,0,0,0,2,3,5,0,0,0,0
Cheshire West and Chester,136645,Christleton High School,Converter Academy,Applied GCE Double Award,Health & Social Care,2,Supp,Supp,Supp,Supp,Supp,Supp,Supp,Supp,Supp,Supp,Supp,Supp
East Riding of Yorkshire,136667,South Hunsley School and Sixth Form College,Converter Academy,Applied GCE Double Award,Health & Social Care,7,0,0,0,0,3,1,0,2,0,1,0,0
Plymouth,136668,Lipson Co-operative Academy,Converter Academy,Applied GCE Double Award,Health & Social Care,2,Supp,Supp,Supp,Supp,Supp,Supp,Supp,Supp,Supp,Supp,Supp,Supp
Kirklees,136674,The Mirfield Free Grammar and Sixth Form,Converter Academy,Applied GCE Double Award,Health & Social Care,35,0,0,0,0,3,5,8,6,7,3,3,0
County Durham,136683,The Hermitage Academy,Converter Academy,Applied GCE Double Award,Applied Business,8,0,0,0,2,2,3,0,0,0,0,1,0
Rotherham,136718,Aston Academy,Converter Academy,Applied GCE Double Award,Health & Social Care,2,Supp,Supp,Supp,Supp,Supp,Supp,Supp,Supp,Supp,Supp,Supp,Supp
Hampshire,136719,The Burgate School and Sixth Form,Converter Academy,Applied GCE Double Award,Health & Social Care,3,Supp,Supp,Supp,Supp,Supp,Supp,Supp,Supp,Supp,Supp,Supp,Supp
West Berkshire,136733,Park House School,Converter Academy,Applied GCE Double Award,Health & Social Care,6,0,0,0,0,2,2,0,1,0,1,0,0
North Yorkshire,136736,South Craven School,Converter Academy,Applied GCE Double Award,Applied Art & Design,5,Supp,Supp,Supp,Supp,Supp,Supp,Supp,Supp,Supp,Supp,Supp,Supp
North Yorkshire,136736,South Craven School,Converter Academy,Applied GCE Double Award,Applied ICT,4,Supp,Supp,Supp,Supp,Supp,Supp,Supp,Supp,Supp,Supp,Supp,Supp
Essex,136758,West Hatch High School,Converter Academy,Applied GCE Double Award,Applied Business,14,0,0,0,2,3,1,0,4,2,2,0,0
Dorset,136763,Highcliffe School,Converter Academy,Applied GCE Double Award,Health & Social Care,1,Supp,Supp,Supp,Supp,Supp,Supp,Supp,Supp,Supp,Supp,Supp,Supp
Essex,136776,Saffron Walden County High School,Converter Academy,Applied GCE Double Award,Applied Art & Design,10,0,1,0,3,1,2,1,0,2,0,0,0
Essex,136776,Saffron Walden County High School,Converter Academy,Applied GCE Double Award,Applied Business,10,0,0,1,1,1,0,3,3,1,0,0,0
Essex,136776,Saffron Walden County High School,Converter Academy,Applied GCE Double Award,Applied Science,3,Supp,Supp,Supp,Supp,Supp,Supp,Supp,Supp,Supp,Supp,Supp,Supp
Essex,136776,Saffron Walden County High School,Converter Academy,Applied GCE Double Award,Health & Social Care,9,1,2,0,1,3,1,0,0,0,1,0,0
Suffolk,136782,Thomas Mills High School,Converter Academy,Applied GCE Double Award,Applied Business,3,Supp,Supp,Supp,Supp,Supp,Supp,Supp,Supp,Supp,Supp,Supp,Supp
Somerset,136791,The West Somerset Community College,Converter Academy,Applied GCE Double Award,Applied Business,3,Supp,Supp,Supp,Supp,Supp,Supp,Supp,Supp,Supp,Supp,Supp,Supp
Milton Keynes,136844,The Hazeley Academy,Converter Academy,Applied GCE Double Award,Applied Science,1,Supp,Supp,Supp,Supp,Supp,Supp,Supp,Supp,Supp,Supp,Supp,Supp
North Somerset,136856,Gordano School,Converter Academy,Applied GCE Double Award,Applied Business,2,Supp,Supp,Supp,Supp,Supp,Supp,Supp,Supp,Supp,Supp,Supp,Supp
Hertfordshire,136877,Queens' School,Converter Academy,Applied GCE Double Award,Applied Business,15,0,0,0,3,0,1,4,2,4,1,0,0
Wandsworth,136883,Chestnut Grove School,Converter Academy,Applied GCE Double Award,Applied Art & Design,1,Supp,Supp,Supp,Supp,Supp,Supp,Supp,Supp,Supp,Supp,Supp,Supp
North Yorkshire,136896,Rossett School,Converter Academy,Applied GCE Double Award,Applied Business,1,Supp,Supp,Supp,Supp,Supp,Supp,Supp,Supp,Supp,Supp,Supp,Supp
North Yorkshire,136896,Rossett School,Converter Academy,Applied GCE Double Award,Health & Social Care,5,Supp,Supp,Supp,Supp,Supp,Supp,Supp,Supp,Supp,Supp,Supp,Supp
Hertfordshire,136901,St Clement Danes School,Converter Academy,Applied GCE Double Award,Applied Business,7,0,0,0,1,4,2,0,0,0,0,0,0
Birmingham,136908,Fairfax,Converter Academy,Applied GCE Double Award,Applied Art & Design,1,Supp,Supp,Supp,Supp,Supp,Supp,Supp,Supp,Supp,Supp,Supp,Supp
Devon,136912,Honiton Community College,Converter Academy,Applied GCE Double Award,Health & Social Care,1,Supp,Supp,Supp,Supp,Supp,Supp,Supp,Supp,Supp,Supp,Supp,Supp
East Riding of Yorkshire,136921,Cottingham High School and Sixth Form College,Converter Academy,Applied GCE Double Award,Health & Social Care,5,Supp,Supp,Supp,Supp,Supp,Supp,Supp,Supp,Supp,Supp,Supp,Supp
Bath and North East Somerset,136966,Hayesfield Girls School,Converter Academy,Applied GCE Double Award,Health & Social Care,4,Supp,Supp,Supp,Supp,Supp,Supp,Supp,Supp,Supp,Supp,Supp,Supp
Derbyshire,136972,Queen Elizabeth's Grammar School,Converter Academy,Applied GCE Double Award,Applied Art & Design,6,1,1,0,0,1,1,1,1,0,0,0,0
Suffolk,136990,Bury St Edmunds County Upper School,Converter Academy,Applied GCE Double Award,Health & Social Care,3,Supp,Supp,Supp,Supp,Supp,Supp,Supp,Supp,Supp,Supp,Supp,Supp
Suffolk,136998,Bungay High School,Converter Academy,Applied GCE Double Award,Health & Social Care,10,0,0,0,0,0,0,3,2,1,2,2,0
Calderdale,137036,Hipperholme and Lightcliffe High School,Converter Academy,Applied GCE Double Award,Health & Social Care,8,0,1,0,0,0,0,0,4,2,1,0,0
Suffolk,137055,Sir John Leman High School,Converter Academy,Applied GCE Double Award,Applied ICT,2,Supp,Supp,Supp,Supp,Supp,Supp,Supp,Supp,Supp,Supp,Supp,Supp
Suffolk,137055,Sir John Leman High School,Converter Academy,Applied GCE Double Award,Health & Social Care,5,Supp,Supp,Supp,Supp,Supp,Supp,Supp,Supp,Supp,Supp,Supp,Supp
Essex,137058,St Mark's West Essex Catholic School,Converter Academy,Applied GCE Double Award,Applied Business,6,0,0,0,2,0,2,0,0,0,2,0,0
Kingston upon Thames,137060,Tolworth Girls' School & Sixth Form,Converter Academy,Applied GCE Double Award,Health & Social Care,6,0,0,1,0,1,0,0,1,3,0,0,0
Leeds,137083,Abbey Grange Church of England Academy,Converter Academy,Applied GCE Double Award,Applied Business,6,0,0,0,0,1,1,2,1,1,0,0,0
Leeds,137083,Abbey Grange Church of England Academy,Converter Academy,Applied GCE Double Award,Health & Social Care,3,Supp,Supp,Supp,Supp,Supp,Supp,Supp,Supp,Supp,Supp,Supp,Supp
Nottinghamshire,137085,Carlton Academy,Sponsored Academy,Applied GCE Double Award,Health & Social Care,2,Supp,Supp,Supp,Supp,Supp,Supp,Supp,Supp,Supp,Supp,Supp,Supp
Enfield,137094,Enfield Grammar School,Converter Academy,Applied GCE Double Award,Applied Business,22,0,0,0,0,1,0,5,5,3,3,3,2
Hertfordshire,137110,Longdean School,Converter Academy,Applied GCE Double Award,Applied ICT,4,Supp,Supp,Supp,Supp,Supp,Supp,Supp,Supp,Supp,Supp,Supp,Supp
Medway,137119,The Hundred of Hoo Academy,Sponsored Academy,Applied GCE Double Award,Health & Social Care,8,0,2,0,1,3,0,2,0,0,0,0,0
Surrey,137137,Rydens Enterprise School and Sixth Form College,Converter Academy,Applied GCE Double Award,Health & Social Care,4,Supp,Supp,Supp,Supp,Supp,Supp,Supp,Supp,Supp,Supp,Supp,Supp
North Yorkshire,137139,St Aidan's Church of England High School,Converter Academy,Applied GCE Double Award,Applied Business,12,1,0,0,0,2,1,2,0,4,2,0,0
North Yorkshire,137139,St Aidan's Church of England High School,Converter Academy,Applied GCE Double Award,Health & Social Care,8,0,0,0,2,0,0,3,2,1,0,0,0
Kent,137154,The Abbey School,Converter Academy,Applied GCE Double Award,Applied Business,5,Supp,Supp,Supp,Supp,Supp,Supp,Supp,Supp,Supp,Supp,Supp,Supp
Worcestershire,137162,The Stourport High School and Sixth Form Centre,Converter Academy,Applied GCE Double Award,Applied Business,5,Supp,Supp,Supp,Supp,Supp,Supp,Supp,Supp,Supp,Supp,Supp,Supp
Dorset,137163,The Thomas Hardye School,Converter Academy,Applied GCE Double Award,Health & Social Care,5,Supp,Supp,Supp,Supp,Supp,Supp,Supp,Supp,Supp,Supp,Supp,Supp
Lincolnshire,137166,"The King's School, Grantham",Converter Academy,Applied GCE Double Award,Applied ICT,2,Supp,Supp,Supp,Supp,Supp,Supp,Supp,Supp,Supp,Supp,Supp,Supp
Central Bedfordshire,137169,Vandyke Upper School and Community College,Converter Academy,Applied GCE Double Award,Health & Social Care,7,0,0,0,1,1,0,1,3,0,1,0,0
Coventry,137209,Tile Hill Wood School and Language College,Converter Academy,Applied GCE Double Award,Health & Social Care,10,0,0,0,0,5,0,2,2,1,0,0,0
Ealing,137221,Drayton Manor High School,Converter Academy,Applied GCE Double Award,Applied Business,7,0,0,0,0,0,1,2,3,1,0,0,0
Wiltshire,137230,Warminster Kingdown,Converter Academy,Applied GCE Double Award,Applied Art & Design,9,0,0,3,1,1,4,0,0,0,0,0,0
Havering,137233,Sacred Heart of Mary Girls' School,Converter Academy,Applied GCE Double Award,Applied Business,12,0,6,1,3,1,0,1,0,0,0,0,0
Cambridgeshire,137248,St Peter's School,Converter Academy,Applied GCE Double Award,Health & Social Care,4,Supp,Supp,Supp,Supp,Supp,Supp,Supp,Supp,Supp,Supp,Supp,Supp
Cumbria,137254,Caldew School,Converter Academy,Applied GCE Double Award,Health & Social Care,4,Supp,Supp,Supp,Supp,Supp,Supp,Supp,Supp,Supp,Supp,Supp,Supp
Slough,137259,Baylis Court School,Converter Academy,Applied GCE Double Award,Applied Business,6,0,0,0,0,0,1,1,2,2,0,0,0
Essex,137260,Chelmer Valley High School,Converter Academy,Applied GCE Double Award,Applied Business,2,Supp,Supp,Supp,Supp,Supp,Supp,Supp,Supp,Supp,Supp,Supp,Supp
Buckinghamshire,137261,John Colet School,Converter Academy,Applied GCE Double Award,Applied ICT,2,Supp,Supp,Supp,Supp,Supp,Supp,Supp,Supp,Supp,Supp,Supp,Supp
West Sussex,137263,Hazelwick School,Converter Academy,Applied GCE Double Award,Applied ICT,2,Supp,Supp,Supp,Supp,Supp,Supp,Supp,Supp,Supp,Supp,Supp,Supp
West Sussex,137263,Hazelwick School,Converter Academy,Applied GCE Double Award,Health & Social Care,1,Supp,Supp,Supp,Supp,Supp,Supp,Supp,Supp,Supp,Supp,Supp,Supp
Cambridgeshire,137305,St Ivo School,Converter Academy,Applied GCE Double Award,Health & Social Care,14,0,1,0,0,1,1,4,6,0,1,0,0
Manchester,137309,The King David High School,Converter Academy,Applied GCE Double Award,Applied Science,5,Supp,Supp,Supp,Supp,Supp,Supp,Supp,Supp,Supp,Supp,Supp,Supp
Bournemouth,137349,St Peter's Catholic Comprehensive School,Converter Academy,Applied GCE Double Award,Health & Social Care,10,0,0,1,0,1,3,0,2,1,1,1,0
Buckinghamshire,137355,Waddesdon Church of England School,Converter Academy,Applied GCE Double Award,Applied Business,6,0,0,0,1,3,2,0,0,0,0,0,0
Staffordshire,137356,Biddulph High School,Converter Academy,Applied GCE Double Award,Health & Social Care,5,Supp,Supp,Supp,Supp,Supp,Supp,Supp,Supp,Supp,Supp,Supp,Supp
Cumbria,137369,Trinity School,Converter Academy,Applied GCE Double Award,Health & Social Care,6,0,1,0,1,1,0,0,1,0,1,1,0
Barnet,137386,Mill Hill County High School,Converter Academy,Applied GCE Double Award,Applied ICT,7,0,0,0,0,0,0,1,2,2,2,0,0
Barnet,137388,Christ's College Finchley,Converter Academy,Applied GCE Double Award,Applied Business,5,Supp,Supp,Supp,Supp,Supp,Supp,Supp,Supp,Supp,Supp,Supp,Supp
Medway,137389,Chatham Grammar School for Girls,Converter Academy,Applied GCE Double Award,Health & Social Care,3,Supp,Supp,Supp,Supp,Supp,Supp,Supp,Supp,Supp,Supp,Supp,Supp
Hillingdon,137407,Bishop Ramsey Church of England School,Converter Academy,Applied GCE Double Award,Applied Business,2,Supp,Supp,Supp,Supp,Supp,Supp,Supp,Supp,Supp,Supp,Supp,Supp
Kirklees,137424,Batley Girls' High School - Visual Arts College,Converter Academy,Applied GCE Double Award,Health & Social Care,4,Supp,Supp,Supp,Supp,Supp,Supp,Supp,Supp,Supp,Supp,Supp,Supp
Northumberland,137457,Cramlington Learning Village,Converter Academy,Applied GCE Double Award,Applied ICT,13,0,0,0,0,0,3,4,5,1,0,0,0
Northumberland,137457,Cramlington Learning Village,Converter Academy,Applied GCE Double Award,Health & Social Care,7,0,0,1,0,2,2,0,1,1,0,0,0
Central Bedfordshire,137462,Cedars Upper School,Converter Academy,Applied GCE Double Award,Applied Business,8,0,0,0,0,0,0,3,2,2,0,0,1
Cambridgeshire,137475,Hinchingbrooke School,Converter Academy,Applied GCE Double Award,Health & Social Care,3,Supp,Supp,Supp,Supp,Supp,Supp,Supp,Supp,Supp,Supp,Supp,Supp
Kent,137484,Homewood School and Sixth Form Centre,Converter Academy,Applied GCE Double Award,Health & Social Care,2,Supp,Supp,Supp,Supp,Supp,Supp,Supp,Supp,Supp,Supp,Supp,Supp
Calderdale,137521,The Brooksbank School,Converter Academy,Applied GCE Double Award,Applied Science,5,Supp,Supp,Supp,Supp,Supp,Supp,Supp,Supp,Supp,Supp,Supp,Supp
Doncaster,137524,Danum Academy,Converter Academy,Applied GCE Double Award,Applied Business,7,0,0,0,1,2,1,2,1,0,0,0,0
Doncaster,137524,Danum Academy,Converter Academy,Applied GCE Double Award,Health & Social Care,26,0,1,0,1,7,2,6,2,1,1,3,2
Lincolnshire,137572,Bourne Academy,Converter Academy,Applied GCE Double Award,Health & Social Care,7,0,0,0,0,0,1,3,1,1,0,1,0
Bradford,137576,The Samuel Lister Academy,Sponsored Academy,Applied GCE Double Award,Applied Business,5,Supp,Supp,Supp,Supp,Supp,Supp,Supp,Supp,Supp,Supp,Supp,Supp
Bradford,137576,The Samuel Lister Academy,Sponsored Academy,Applied GCE Double Award,Health & Social Care,5,Supp,Supp,Supp,Supp,Supp,Supp,Supp,Supp,Supp,Supp,Supp,Supp
Sefton,137612,Range High School,Converter Academy,Applied GCE Double Award,Health & Social Care,5,Supp,Supp,Supp,Supp,Supp,Supp,Supp,Supp,Supp,Supp,Supp,Supp
Hillingdon,137633,Bishopshalt School,Converter Academy,Applied GCE Double Award,Applied Business,8,0,0,0,1,0,1,1,3,2,0,0,0
Hillingdon,137633,Bishopshalt School,Converter Academy,Applied GCE Double Award,Health & Social Care,7,0,0,0,1,0,0,2,1,1,1,1,0
Westminster,137646,Quintin Kynaston Academy,Converter Academy,Applied GCE Double Award,Applied Business,3,Supp,Supp,Supp,Supp,Supp,Supp,Supp,Supp,Supp,Supp,Supp,Supp
Kingston upon Thames,137678,The Hollyfield School and Sixth Form Centre,Converter Academy,Applied GCE Double Award,Applied ICT,4,Supp,Supp,Supp,Supp,Supp,Supp,Supp,Supp,Supp,Supp,Supp,Supp
Gloucestershire,137690,Millbrook Academy,Sponsored Academy,Applied GCE Double Award,Applied Business,4,Supp,Supp,Supp,Supp,Supp,Supp,Supp,Supp,Supp,Supp,Supp,Supp
Walsall,137707,The Streetly Academy,Converter Academy,Applied GCE Double Award,Health & Social Care,6,0,0,1,0,0,0,2,1,2,0,0,0
Newcastle upon Tyne,137708,Sacred Heart Catholic High School,Converter Academy,Applied GCE Double Award,Applied Business,5,Supp,Supp,Supp,Supp,Supp,Supp,Supp,Supp,Supp,Supp,Supp,Supp
Newcastle upon Tyne,137708,Sacred Heart Catholic High School,Converter Academy,Applied GCE Double Award,Health & Social Care,3,Supp,Supp,Supp,Supp,Supp,Supp,Supp,Supp,Supp,Supp,Supp,Supp
Southend-on-Sea,137733,Shoeburyness High School,Converter Academy,Applied GCE Double Award,Health & Social Care,6,0,0,0,0,2,0,1,0,1,1,0,1
Southend-on-Sea,137733,Shoeburyness High School,Converter Academy,Applied GCE Double Award,Travel & Tourism,2,Supp,Supp,Supp,Supp,Supp,Supp,Supp,Supp,Supp,Supp,Supp,Supp
North Tyneside,137734,St Thomas More Roman Catholic Academy,Converter Academy,Applied GCE Double Award,Applied Business,8,0,2,0,1,0,0,2,1,1,1,0,0
Surrey,137735,The Beacon School,Converter Academy,Applied GCE Double Award,Health & Social Care,5,Supp,Supp,Supp,Supp,Supp,Supp,Supp,Supp,Supp,Supp,Supp,Supp
Gloucestershire,137752,Tewkesbury School,Converter Academy,Applied GCE Double Award,Applied Business,8,0,0,0,0,1,2,3,2,0,0,0,0
Gloucestershire,137752,Tewkesbury School,Converter Academy,Applied GCE Double Award,Health & Social Care,4,Supp,Supp,Supp,Supp,Supp,Supp,Supp,Supp,Supp,Supp,Supp,Supp
Cambridgeshire,137779,Ely College,Converter Academy,Applied GCE Double Award,Health & Social Care,8,0,0,0,0,0,0,2,0,1,1,2,2
Cambridgeshire,137779,Ely College,Converter Academy,Applied GCE Double Award,Travel & Tourism,2,Supp,Supp,Supp,Supp,Supp,Supp,Supp,Supp,Supp,Supp,Supp,Supp
Wirral,137815,Weatherhead High School,Converter Academy,Applied GCE Double Award,Health & Social Care,6,0,0,1,1,2,0,1,0,1,0,0,0
Walsall,137830,Joseph Leckie Academy,Converter Academy,Applied GCE Double Award,Applied Business,12,0,0,0,0,3,1,3,1,4,0,0,0
Gateshead,137851,St Thomas More Catholic School,Converter Academy,Applied GCE Double Award,Applied Science,3,Supp,Supp,Supp,Supp,Supp,Supp,Supp,Supp,Supp,Supp,Supp,Supp
Gateshead,137851,St Thomas More Catholic School,Converter Academy,Applied GCE Double Award,Health & Social Care,2,Supp,Supp,Supp,Supp,Supp,Supp,Supp,Supp,Supp,Supp,Supp,Supp
Peterborough,137880,Stanground Academy,Sponsored Academy,Applied GCE Double Award,Applied ICT,4,Supp,Supp,Supp,Supp,Supp,Supp,Supp,Supp,Supp,Supp,Supp,Supp
North Somerset,137884,Clevedon School,Converter Academy,Applied GCE Double Award,Applied Business,8,0,1,1,0,1,0,1,1,1,1,1,0
Hertfordshire,137895,The John Henry Newman Catholic School,Converter Academy,Applied GCE Double Award,Health & Social Care,7,1,0,2,2,0,0,1,0,0,0,1,0
Newcastle upon Tyne,137900,St Cuthbert's High School,Converter Academy,Applied GCE Double Award,Applied Art & Design,4,Supp,Supp,Supp,Supp,Supp,Supp,Supp,Supp,Supp,Supp,Supp,Supp
Newcastle upon Tyne,137900,St Cuthbert's High School,Converter Academy,Applied GCE Double Award,Applied ICT,5,Supp,Supp,Supp,Supp,Supp,Supp,Supp,Supp,Supp,Supp,Supp,Supp
Derbyshire,137902,Netherthorpe School,Converter Academy,Applied GCE Double Award,Health & Social Care,4,Supp,Supp,Supp,Supp,Supp,Supp,Supp,Supp,Supp,Supp,Supp,Supp
Norfolk,137913,"Notre Dame High School, Norwich",Converter Academy,Applied GCE Double Award,Health & Social Care,5,Supp,Supp,Supp,Supp,Supp,Supp,Supp,Supp,Supp,Supp,Supp,Supp
Hillingdon,137925,The Douay Martyrs Catholic School,Converter Academy,Applied GCE Double Award,Applied ICT,2,Supp,Supp,Supp,Supp,Supp,Supp,Supp,Supp,Supp,Supp,Supp,Supp
Hounslow,137940,Isleworth and Syon School for Boys,Converter Academy,Applied GCE Double Award,Applied Business,2,Supp,Supp,Supp,Supp,Supp,Supp,Supp,Supp,Supp,Supp,Supp,Supp
Central Bedfordshire,137948,Samuel Whitbread Academy,Converter Academy,Applied GCE Double Award,Health & Social Care,8,0,0,1,1,1,4,0,0,1,0,0,0
Leicestershire,137983,Wreake Valley Academy,Converter Academy,Applied GCE Double Award,Applied Science,1,Supp,Supp,Supp,Supp,Supp,Supp,Supp,Supp,Supp,Supp,Supp,Supp
Hertfordshire,138042,Marlborough School,Converter Academy,Applied GCE Double Award,Applied Science,5,Supp,Supp,Supp,Supp,Supp,Supp,Supp,Supp,Supp,Supp,Supp,Supp
Newcastle upon Tyne,138120,Kenton School,Converter Academy,Applied GCE Double Award,Applied Science,4,Supp,Supp,Supp,Supp,Supp,Supp,Supp,Supp,Supp,Supp,Supp,Supp
Southend-on-Sea,138174,Belfairs Academy,Converter Academy,Applied GCE Double Award,Health & Social Care,6,0,0,0,0,0,1,0,3,1,0,1,0
Nottinghamshire,138247,Outwood Academy Valley,Sponsored Academy,Applied GCE Double Award,Health & Social Care,4,Supp,Supp,Supp,Supp,Supp,Supp,Supp,Supp,Supp,Supp,Supp,Supp
Nottinghamshire,138248,Outwood Academy Portland,Sponsored Academy,Applied GCE Double Award,Health & Social Care,1,Supp,Supp,Supp,Supp,Supp,Supp,Supp,Supp,Supp,Supp,Supp,Supp
Leicestershire,138298,De Lisle Catholic School Loughborough Leicestershire,Converter Academy,Applied GCE Double Award,Applied Science,11,0,0,0,0,0,1,1,3,3,0,3,0
Cheshire West and Chester,138318,Neston High School,Converter Academy,Applied GCE Double Award,Health & Social Care,1,Supp,Supp,Supp,Supp,Supp,Supp,Supp,Supp,Supp,Supp,Supp,Supp
Leeds,138336,Rodillian Academy,Converter Academy,Applied GCE Double Award,Health & Social Care,5,Supp,Supp,Supp,Supp,Supp,Supp,Supp,Supp,Supp,Supp,Supp,Supp
Nottingham,138341,The Trinity Catholic School,Converter Academy,Applied GCE Double Award,Applied Science,6,0,0,0,0,0,1,0,2,0,0,0,3
Hertfordshire,138352,Tring School,Converter Academy,Applied GCE Double Award,Travel & Tourism,2,Supp,Supp,Supp,Supp,Supp,Supp,Supp,Supp,Supp,Supp,Supp,Supp
Sheffield,138361,Notre Dame High School,Converter Academy,Applied GCE Double Award,Health & Social Care,9,0,1,0,1,1,1,4,1,0,0,0,0
Bournemouth,138385,Leaf Studio,Free School  Studio School,Applied GCE Double Award,Applied Business,1,Supp,Supp,Supp,Supp,Supp,Supp,Supp,Supp,Supp,Supp,Supp,Supp
Worcestershire,138505,Arrow Vale RSA Academy,Sponsored Academy,Applied GCE Double Award,Health & Social Care,3,Supp,Supp,Supp,Supp,Supp,Supp,Supp,Supp,Supp,Supp,Supp,Supp
Leicestershire,138524,Countesthorpe Community College,Converter Academy,Applied GCE Double Award,Applied Art & Design,7,0,0,0,1,1,0,0,1,4,0,0,0
Leicestershire,138524,Countesthorpe Community College,Converter Academy,Applied GCE Double Award,Health & Social Care,10,0,2,0,2,5,0,0,1,0,0,0,0
Central Bedfordshire,138571,Queensbury Academy,Sponsored Academy,Applied GCE Double Award,Applied Art & Design,1,Supp,Supp,Supp,Supp,Supp,Supp,Supp,Supp,Supp,Supp,Supp,Supp
Brent,138610,Alperton Community School,Converter Academy,Applied GCE Double Award,Health & Social Care,5,Supp,Supp,Supp,Supp,Supp,Supp,Supp,Supp,Supp,Supp,Supp,Supp
Derby,138622,"Saint Benedict, A Catholic Voluntary Academy",Converter Academy,Applied GCE Double Award,Applied Business,4,Supp,Supp,Supp,Supp,Supp,Supp,Supp,Supp,Supp,Supp,Supp,Supp
Wiltshire,138630,Devizes School,Converter Academy,Applied GCE Double Award,Health & Social Care,12,1,1,0,2,1,0,2,4,1,0,0,0
Oxfordshire,138667,Lord Williams's School,Converter Academy,Applied GCE Double Award,Applied Business,6,0,0,0,0,0,0,2,1,2,0,0,1
Oxfordshire,138667,Lord Williams's School,Converter Academy,Applied GCE Double Award,Health & Social Care,14,0,0,1,1,0,3,4,2,1,1,1,0
Bexley,138686,Cleeve Park School,Converter Academy,Applied GCE Double Award,Applied Science,3,Supp,Supp,Supp,Supp,Supp,Supp,Supp,Supp,Supp,Supp,Supp,Supp
Essex,138734,"Joyce Frankland Academy, Newport",Converter Academy,Applied GCE Double Award,Applied Business,5,Supp,Supp,Supp,Supp,Supp,Supp,Supp,Supp,Supp,Supp,Supp,Supp
Gloucestershire,138746,Newent Community School and Sixth Form Centre,Converter Academy,Applied GCE Double Award,Health & Social Care,5,Supp,Supp,Supp,Supp,Supp,Supp,Supp,Supp,Supp,Supp,Supp,Supp
Leicestershire,138819,Belvoir High School and Melton Vale Post 16 Centre,Converter Academy,Applied GCE Double Award,Health & Social Care,5,Supp,Supp,Supp,Supp,Supp,Supp,Supp,Supp,Supp,Supp,Supp,Supp
Windsor and Maidenhead,138823,Charters School,Converter Academy,Applied GCE Double Award,Applied Business,1,Supp,Supp,Supp,Supp,Supp,Supp,Supp,Supp,Supp,Supp,Supp,Supp
Norfolk,138829,Reepham High School and College,Converter Academy,Applied GCE Double Award,Health & Social Care,2,Supp,Supp,Supp,Supp,Supp,Supp,Supp,Supp,Supp,Supp,Supp,Supp
Northamptonshire,138932,Kingsthorpe College,Converter Academy,Applied GCE Double Award,Applied ICT,1,Supp,Supp,Supp,Supp,Supp,Supp,Supp,Supp,Supp,Supp,Supp,Supp
Northamptonshire,138932,Kingsthorpe College,Converter Academy,Applied GCE Double Award,Travel & Tourism,1,Supp,Supp,Supp,Supp,Supp,Supp,Supp,Supp,Supp,Supp,Supp,Supp
Wirral,139031,St John Plessington Catholic College,Converter Academy,Applied GCE Double Award,Health & Social Care,10,0,0,0,2,0,1,4,1,1,1,0,0
Bournemouth,139037,Oak Academy,Converter Academy,Applied GCE Double Award,Applied Business,4,Supp,Supp,Supp,Supp,Supp,Supp,Supp,Supp,Supp,Supp,Supp,Supp
Northamptonshire,139100,Elizabeth Woodville School,Converter Academy,Applied GCE Double Award,Applied Business,2,Supp,Supp,Supp,Supp,Supp,Supp,Supp,Supp,Supp,Supp,Supp,Supp
Northamptonshire,139100,Elizabeth Woodville School,Converter Academy,Applied GCE Double Award,Health & Social Care,1,Supp,Supp,Supp,Supp,Supp,Supp,Supp,Supp,Supp,Supp,Supp,Supp
Norfolk,139204,Downham Market Academy,Sponsored Academy,Applied GCE Double Award,Health & Social Care,7,0,0,0,2,1,0,2,0,1,0,0,1
Brent,139319,Preston Manor School,Converter Academy,Applied GCE Double Award,Applied Business,3,Supp,Supp,Supp,Supp,Supp,Supp,Supp,Supp,Supp,Supp,Supp,Supp
Wakefield,139335,Hemsworth Arts and Community Academy,Sponsored Academy,Applied GCE Double Award,Applied Business,2,Supp,Supp,Supp,Supp,Supp,Supp,Supp,Supp,Supp,Supp,Supp,Supp
Wakefield,139335,Hemsworth Arts and Community Academy,Sponsored Academy,Applied GCE Double Award,Health & Social Care,5,Supp,Supp,Supp,Supp,Supp,Supp,Supp,Supp,Supp,Supp,Supp,Supp
South Gloucestershire,139345,Downend School,Converter Academy,Applied GCE Double Award,Applied Business,4,Supp,Supp,Supp,Supp,Supp,Supp,Supp,Supp,Supp,Supp,Supp,Supp
South Gloucestershire,139345,Downend School,Converter Academy,Applied GCE Double Award,Health & Social Care,4,Supp,Supp,Supp,Supp,Supp,Supp,Supp,Supp,Supp,Supp,Supp,Supp
Bedford,139517,St Thomas More Catholic School,Converter Academy,Applied GCE Double Award,Health & Social Care,8,0,0,0,0,0,2,4,1,1,0,0,0
South Tyneside,139878,St Joseph's Catholic Academy,Converter Academy,Applied GCE Double Award,Health & Social Care,7,0,0,1,0,2,3,0,0,1,0,0,0
Bradford,139975,Beckfoot School,Converter Academy,Applied GCE Double Award,Applied Business,2,Supp,Supp,Supp,Supp,Supp,Supp,Supp,Supp,Supp,Supp,Supp,Supp
Bradford,139975,Beckfoot School,Converter Academy,Applied GCE Double Award,Health & Social Care,3,Supp,Supp,Supp,Supp,Supp,Supp,Supp,Supp,Supp,Supp,Supp,Supp
Bradford,139982,Grange Technology College,Converter Academy,Applied GCE Double Award,Applied ICT,4,Supp,Supp,Supp,Supp,Supp,Supp,Supp,Supp,Supp,Supp,Supp,Supp
Plymouth,140104,Eggbuckland Community College,Converter Academy,Applied GCE Double Award,Health & Social Care,6,0,0,0,0,0,0,3,1,2,0,0,0
